Timestamp,Full Name,Email Address,Gender,Course,Interests,Advice
2026/08/30 8:56:52 pm CET,1,1@1,Brother,Mechanical Engineering,Sport;Gaming,Engineering;Research
,2,2@2,Sister,Physics,Art;Travel,Law;Policy
,3,2@3,Brother,Chemistry,Fitness;Coding,Engineering;Media
,4,2@4,Sister,Mechanical Engineering,Art;Music,Design;Technology
,5,2@5,Brother,Physics,Gaming;Languages,Media;Design
,6,2@6,Sister,Chemistry,Sport;Music,Research;Technology
,7,2@7,Brother,Mechanical Engineering,Coding;Music,Policy;Research
,8,2@8,Sister,Physics,Travel;Coding,Engineering;Research
,9,2@9,Brother,Chemistry,Sport;Gaming,Law;Policy
,10,2@10,Sister,Mechanical Engineering,Art;Travel,Engineering;Media
,11,2@11,Brother,Physics,Fitness;Coding,Design;Technology
,12,2@12,Sister,Chemistry,Art;Music,Media;Design
,13,2@13,Brother,Mechanical Engineering,Gaming;Languages,Research;Technology
,14,2@14,Sister,Physics,Sport;Music,Policy;Research
,15,2@15,Brother,Chemistry,Coding;Music,Engineering;Research
,16,2@16,Sister,Mechanical Engineering,Travel;Coding,Law;Policy
,17,2@17,Brother,Physics,Sport;Gaming,Engineering;Media
,18,2@18,Sister,Chemistry,Art;Travel,Design;Technology
,19,2@19,Brother,Mechanical Engineering,Fitness;Coding,Media;Design
,20,2@20,Sister,Physics,Art;Music,Research;Technology
,21,2@21,Brother,Chemistry,Gaming;Languages,Policy;Research
,22,2@22,Sister,Mechanical Engineering,Sport;Music,Engineering;Research
,23,2@23,Brother,Physics,Coding;Music,Law;Policy
,24,2@24,Sister,Chemistry,Travel;Coding,Engineering;Media
,25,2@25,Brother,Mechanical Engineering,Sport;Gaming,Design;Technology
,26,2@26,Sister,Physics,Art;Travel,Media;Design
,27,2@27,Brother,Chemistry,Fitness;Coding,Research;Technology
,28,2@28,Sister,Mechanical Engineering,Art;Music,Policy;Research
,29,2@29,Brother,Physics,Gaming;Languages,Engineering;Research
,30,2@30,Sister,Chemistry,Sport;Music,Law;Policy
,31,2@31,Brother,Mechanical Engineering,Fitness;Coding,Media;Design
,32,2@32,Sister,Physics,Art;Music,Research;Technology
,33,2@33,Brother,Chemistry,Gaming;Languages,Policy;Research
,34,2@34,Sister,Mechanical Engineering,Sport;Music,Engineering;Research
,35,2@35,Brother,Physics,Fitness;Coding,Law;Policy
,36,2@36,Sister,Chemistry,Art;Music,Media;Design
,37,2@37,Brother,Mechanical Engineering,Gaming;Languages,Research;Technology
,38,2@38,Sister,Physics,Sport;Music,Policy;Research
,39,2@39,Brother,Chemistry,Fitness;Coding,Engineering;Research
,40,2@40,Sister,Mechanical Engineering,Art;Music,Law;Policy
,41,2@41,Brother,Physics,Coding;Music,Engineering;Media
,42,2@42,Sister,Chemistry,Travel;Coding,Research;Technology
,43,2@43,Brother,Mechanical Engineering,Sport;Gaming,Policy;Research
,44,2@44,Sister,Physics,Art;Travel,Engineering;Research
,45,2@45,Brother,Chemistry,Gaming;Languages,Law;Policy
,46,2@46,Sister,Mechanical Engineering,Sport;Music,Media;Design
,47,2@47,Brother,Physics,Coding;Music,Research;Technology
,48,2@48,Sister,Chemistry,Travel;Coding,Policy;Research
,49,2@49,Brother,Mechanical Engineering,Sport;Gaming,Research;Technology
,50,2@50,Sister,Physics,Art;Travel,Policy;Research
,51,2@51,Brother,Chemistry,Fitness;Coding,Engineering;Research
,52,2@52,Sister,Mechanical Engineering,Art;Music,Law;Policy
,53,2@53,Brother,Physics,Gaming;Languages,Engineering;Media
,54,2@54,Sister,Chemistry,Art;Music,Research;Technology
,55,2@55,Brother,Mechanical Engineering,Gaming;Languages,Policy;Research
,56,2@56,Sister,Physics,Sport;Music,Engineering;Research
,57,2@57,Brother,Chemistry,Fitness;Coding,Engineering;Media
,58,2@58,Sister,Mechanical Engineering,Art;Music,Design;Technology
,59,2@59,Brother,Physics,Coding;Music,Media;Design
,60,2@60,Sister,Chemistry,Travel;Coding,Research;Technology
,61,2@61,Brother,Mechanical Engineering,Sport;Gaming,Policy;Research
,62,2@62,Sister,Physics,Art;Travel,Engineering;Research
,63,2@63,Brother,Chemistry,Art;Travel,Law;Policy
,64,2@64,Sister,Mechanical Engineering,Gaming;Languages,Engineering;Media
,65,2@65,Brother,Physics,Sport;Music,Design;Technology
,66,2@66,Sister,Chemistry,Coding;Music,Media;Design
,67,2@67,Brother,Mechanical Engineering,Travel;Coding,Research;Technology
,68,2@68,Sister,Physics,Gaming;Languages,Policy;Research
,69,2@69,Brother,Chemistry,Sport;Music,Engineering;Research
,70,2@70,Sister,Mechanical Engineering,Coding;Music,Law;Policy
,71,2@71,Brother,Physics,Travel;Coding,Engineering;Media
,72,2@72,Sister,Chemistry,Sport;Gaming,Design;Technology
,73,2@73,Brother,Mechanical Engineering,Art;Travel,Media;Design
,74,2@74,Sister,Physics,Fitness;Coding,Research;Technology
,75,2@75,Brother,Chemistry,Art;Music,Policy;Research
,76,2@76,Sister,Mechanical Engineering,Gaming;Languages,Engineering;Research
,77,2@77,Brother,Physics,Art;Music,Law;Policy
,78,2@78,Sister,Chemistry,Sport;Gaming,Engineering;Media
,79,2@79,Brother,Mechanical Engineering,Art;Travel,Research;Technology
,80,2@80,Sister,Physics,Art;Travel,Policy;Research
,81,2@81,Brother,Chemistry,Gaming;Languages,Policy;Research
,82,2@82,Sister,Mechanical Engineering,Sport;Music,Engineering;Research
,83,2@83,Brother,Physics,Coding;Music,Law;Policy
,84,2@84,Sister,Chemistry,Travel;Coding,Engineering;Media
,85,2@85,Brother,Mechanical Engineering,Gaming;Languages,Design;Technology
,86,2@86,Sister,Physics,Sport;Music,Media;Design
,87,2@87,Brother,Chemistry,Coding;Music,Research;Technology
,88,2@88,Sister,Mechanical Engineering,Travel;Coding,Policy;Research
,89,2@89,Brother,Physics,Sport;Gaming,Engineering;Research
,90,2@90,Sister,Chemistry,Gaming;Languages,Media;Design
,91,2@91,Brother,Mechanical Engineering,Sport;Music,Engineering;Media
,92,2@92,Sister,Physics,Coding;Music,Design;Technology
,93,2@93,Brother,Chemistry,Travel;Coding,Media;Design
,94,2@94,Sister,Mechanical Engineering,Gaming;Languages,Research;Technology
,95,2@95,Brother,Physics,Sport;Music,Policy;Research
,96,2@96,Sister,Chemistry,Coding;Music,Engineering;Research
,97,2@97,Brother,Mechanical Engineering,Travel;Coding,Law;Policy
,98,2@98,Sister,Physics,Sport;Gaming,Engineering;Media
,99,2@99,Brother,Chemistry,Art;Travel,Design;Technology
,100,2@100,Sister,Mechanical Engineering,Fitness;Coding,Media;Design
