Timestamp,Full Name,Email Address,Gender,Course,Year of study,Interests,Advice,Max Mentees
2026/08/30 8:56:52 pm CET,a,a@a,Brother,Mechanical Engineering,2,Sport;Coding;Gaming,Engineering;Research;Design,2
,b,b@b,Sister,Physics,,Fitness;Art;Music,Technology;Law;Policy,1
,c,c@c,Brother,Chemistry,,Travel;Coooking;Reading,Media;Law;Research,3
,d d,d@d,Sister,Mechanical Engineering,,Languages;Music,Design;Engineering,4
,e e,e@e,Brother,Physics,,Coding;Sport,Engineering;Research;Design,1
,f f,f@f,Sister,Chemistry,,Sport;Coding;Gaming,Technology;Law;Policy,3
,g g,g@g,Brother,Mechanical Engineering,,Fitness;Art;Music,Media;Law;Research,4
,h h,h@h,Sister,Physics,,Travel;Coooking;Reading,Design;Engineering,2
,I I ,i@i,Brother,Chemistry,,Languages;Music,Engineering;Research;Design,3
,j j ,j@j,Sister,Mechanical Engineering,,Coding;Sport,Technology;Law;Policy,2
,k k ,k@k,Brother,Physics,,Sport;Coding;Gaming,Media;Law;Research,4
,l l,l@l,Sister,Chemistry,,Fitness;Art;Music,Design;Engineering,1
,m ,m@m,Brother,Mechanical Engineering,,Music;Gaming,Research;Design,4
,n ,n@n,Sister,Physics,,Coding;Gaming,Policy;Law,2
,o ,o@o,Brother,Chemistry,,Music;Fitness,Design;Research,3
,p ,P@p,Sister,Mechanical Engineering,,Reading;Gaming,Engineering;Technology,2
,q ,q@q,Brother,Physics,,Coding;Cooking,Media;Engineering,1
,r ,r@r,Sister,Chemistry,,Sport;Coding;Gaming,Design;Engineering,4
,s ,s@s,Brother,Mechanical Engineering,,Music;Gaming,Engineering;Research;Design,2
,t ,t@t,Sister,Physics,,Coding;Gaming,Technology;Law;Policy,3
,u ,u@u,Brother,Chemistry,,Music;Fitness,Media;Law;Research,4
,v ,v@v,Sister,Mechanical Engineering,,Reading;Gaming,Design;Engineering,2
,w ,w@w,Brother,Physics,,Coding;Cooking,Media;Law;Research,3
,x ,x@x,Sister,Chemistry,,Sport;Coding;Gaming,Design;Engineering,2
,y ,y@y,Brother,Mechanical Engineering,,Coding;Gaming,Research;Design,4
,z ,z@z,Sister,Physics,,Music;Fitness,Design;Policy,3
