Mentor_Email,Course,Current_Assigned,Max_Mentees,Gender
Nour.mokhtar23@imperial.ac.uk,Bioengineering,3,4,Sister
alveera.siddiquie@gmail.com,Chemical Engineering,0,2,Sister
ilyasabdurrahman75@gmail.com,Physics,0,2,Brother
sb1524@ic.ac.uk,Chemical Engineering,0,2,Sister
aaj125@ic.ac.uk,Medical Biosciences,1,2,Sister
khattablena@gmail.com,Medical Biosciences,0,1,Sister
joanne.sarhadar@icloud.com,Materials Science,1,2,Sister
ayuub.mohamud@outlook.com,Mathematics;Electronic and Information Engineering,0,2,Brother
Hms23@ic.ac.u,Medicine,0,1,Brother
minhazurrahaman07@gmail.com,Physics,0,2,Brother
zavawda02@gmail.com,Biology,0,3,Sister
nibrasbinnur7@gmail.com,Physics,0,1,Brother
manar.alsaadi2006@gmail.com,Medical Biosciences ,0,2,Sister
nahianchowdhury05@gmail.com,Materials Science,0,1,Brother
jennamohammad07@gmail.com,Biology,0,2,Sister
ssi121@ic.ac.uk,Materials Science,0,2,Brother
ab2825@ic.ac.uk,Medicine,0,1,Sister
anasbachun01@outlook.com,Civil Engineering,3,4,Brother
yasinakkhan04@gmail.com,Computing,1,4,Brother
almuftidai@gmail.com,Materials Science,0,3,Brother
uthmanzakiuddin15@gmail.com,Design Engineering,1,3,Brother
samiya.ibr14@gmail.com,Materials Science,0,2,Sister
Hanaanhowell123@outlook.com,Medical Biosciences ,0,2,Sister
beggmahdi@gmail.com,Computing,0,1,Brother
ye124@ic.ac.uk,Chemical Engineering,0,4,Sister
ehan.sajjad26@imperial.ac.uk,Physics,0,2,Brother
M.hashim25@imperial.ac.uk,"Mathematics;Electronic and Electrical Engineering;Design Engineering;Computing;Economics, Finance and Data Science",0,2,Brother
aliyahfad@gmail.com,Design Engineering,1,2,Sister
asiyaqureshi83@gmail.com,Mechanical Engineering,0,4,Sister
