Timestamp,Full Name,Email Address,Gender,Course,What course are you applying for as a secondary option?,Interests,Advice,What do you hope to gain from this mentoring?,Additional comments,International
2026/09/09 2:41:07 pm CET,Muhammad Nabeel Irfan,n4beeel@gmail.com,Brother,Mechanical Engineering,Physics,Sport;Fitness;Gaming;Art;Photography;Music;Reading;Travel;Entrepreneurship,Engineering;Technology;Finance;Consulting,"Useful insights and advice no one but an experienced student can tell me as well as help and aid with applying to university. Currently struggling and only a muslim can understand a muslim’s perspective, therefore the advice teachers can give don’t always align with what we need or want. Hopefully a student can help me find balance with deen and education as well as help me in the process. ",May Allah bless everyone behind this scheme and aid them in their journeys through life for helping people like me. ,
2026/09/09 2:42:55 pm CET,Reem Gariballa,Gariballareem2@gmail.com,Sister,Physics,N/A,Sport;Coding;Gaming;Photography;Travel;Languages,Research;Technology,"I hope to learn from someone who has already gone through this process so I can gain insight about how to take the next steps when it comes to my personal statement, ESAT and interviews. I think it’s a wonderful opportunity to also learn about university, what to expect and how to approach it.",,
2026/09/09 2:47:36 pm CET,Eshan Abbas,eshanabbas2008@gmail.com,Brother,Mechanical Engineering,Civil Engineering,Sport;Fitness;Gaming,Engineering,"As I've already written my personal statement to be due next week, I'd like to be helped with admissions tests and interviews as my main area of focus. Besides that, I'd like some insight as to how it is studying mechanical engineering at university, and some advice as to how to best prepare.",Thank you for this opportunity.,
2026/09/09 3:04:32 pm CET,Ariana Rahman,ariana.rahman27@gmail.com,Sister,Chemistry,N/A,Gaming;Music;Reading;Travel;Languages,Research;Technology,"The application process for competitive unis is super daunting so through this mentorship I'm hoping to gain honest, first-hand guidance from someone who has actually walked this path successfully. More specifically, I want to learn how to perfect my personal statement so i can demonstrate my passion for chemistry without sounding generic. I'd also really value advice on preparing for academic interviews.","I wanted to be honest about my info regarding the school section. I'm a Y13 British Muslim currently completing my A levels at a British curriculum school in the middle east. because of the recent ongoing conflict and the fact that our school mainly focuses on other international uni applications, there's virtually no support here for ucas, especially when it comes to more competitive unis and courses. hence why I decided to apply for this programme. I fully understand if this programme is strictly for uk-based students, but I wanted to apply just in case, and I really appreciate you taking the time to read this.",
2026/09/09 3:06:19 pm CET,Yusuf Islam,yuslam619@gmail.com,Brother,"Economics, Finance and Data Science",Computing,Sport;Fitness;Coding;Gaming;Volunteering;Travel;Entrepreneurship,Technology;Finance;Consulting;Entrepreneurship,"I'd love help shaping a personal statement that stands out, as I'm aiming for a top uni and want to give myself the best shot. I'd also value hearing first hand what studying economics, finance and data science is really like, so I can be sure it's the right path and feel ready for interviews.",,
2026/09/09 3:13:12 pm CET,Rayyan Ali,rayyan.ali.0508@gmail.com,Brother,Biochemistry,N/A,Sport;Fitness;Debating;Sustainability;Travel;Entrepreneurship,Healthcare;Research,"I aim to gain the necessary skills to thrive as a biochemist at a top university such as Imperial College. Hearing about current students' experiences and their advice will be valuable to me and my application.

Specifically, I would love to gain feedback on my personal statement, as well as tips and advice on how to prepare for the ESAT. This would be extremely useful for me, as it is the only university that requires the ESAT, and it's the first year the test is in place.

There is not a lot of support out there for aspiring biochemists, as it is a more niche subject. This is why I would love to learn from biochemists at Imperial College themselves in order to strengthen my application, and receive an offer from the prestigious university!

As biochemistry is not a taught subject at school, being mentored would allow me to understand more about my future study at university, and potentially career pathways I choose to pursue.

I hope to understand more about developing the best application for studying Biochemistry at Imperial College, and how I can end up there myself in Shaa Allah!",,
2026/09/09 3:35:29 pm CET,Laiba Ahmad,laibaahmad826@gmail.com,Sister,Bioengineering,,Sport;Reading;Volunteering;Sustainability;Cooking,Engineering;Healthcare,"I hope to learn how I can improve my verbal communication, which is very important for interviews. Secondly, I want to improve my writing in order to make my personal statement professional yet interesting, without being repetitive and uninformative. ",,
2026/09/09 3:38:25 pm CET,Hussain abidali,Hussain.a.work123@gmail.com,Brother,Mechanical Engineering,Electronic and Electrical Engineering,Sport;Fitness;Gaming;Cooking,Engineering,"Professional insight into my course of study to build a strong foundation coming into it, additionally I would like to know the best practices for navigating the industry, and receive guidance on setting meaningful long term goals as well as guidance on preparing for engineering internships and help with building and tailoring my personal statement to my course of study.",,
2026/09/09 4:38:32 pm CET,Ayaan Shaikh,ayaan11plus@gmail.com,Brother,Mathematics,"Economics, Finance and Data Science",Fitness,Research;Technology;Finance;Entrepreneurship,"I hope to gain knowledge about different opportunities in finance so that I can apply to more things for my personal statement. I also aim to build more connections so that I can have someone to look to for advice in the future especially as im considering a career in islamic finance
.",,
2026/09/09 4:53:30 pm CET,Hamza Ashraf,hamzaas470@gmail.com,Brother,Biochemistry,Bioengineering,Sport;Fitness;Reading;Entrepreneurship,Healthcare,Valuable insights into writing my personal statement and help with my interviews and advice from people who have gone through the same journey as me additionally I also want some information regarding different universities so I can explore my different options while keeping the door open to degree apprenticeships ,N/A,
2026/09/09 5:01:31 pm CET,Salil Abdul,salilabdul2009@gmail.com,Brother,Mechanical Engineering,Mathematics,Sport;Coding;Gaming,Engineering,"I hope to gain personalised support on my personal statement as well as support on admissions test. Furthermore, I hope to receive support for the interview process and make the most out of this programme. Alongside this, I’d also like to become more familiar with university life and how it differs from sixth form.",,
2026/09/09 5:05:32 pm CET,Alladin Nour,allnou2009@gmail.com,Brother,Computing,N/A,Sport;Fitness;Coding;Travel;Entrepreneurship,Technology,"Have a feedback loop when preparing for entrance exams and interviews, to guide me on what I should improve and what my faults are so that I can work on the weak aspects of my application and improve them. In general, I want this program to help me find a path through the difficult start of year 13",,
2026/09/09 5:23:43 pm CET,Taha Mohsin,toto.sheru786@gmail.com,Brother,Civil Engineering,N/A,Sport;Gaming,Engineering,"Through the UCAS Mentorship Scheme, I hope to gain targeted guidance and strategic direction to build a competitive application for Chemical Engineering. Specifically on my personal statement and how to articulate my passion and complex subjects effectively. Additionally I would like to develop proven ESAT techniques to be able to answer questions confidently under timed conditions. The mentorship will also allow me to understand the discipline of chemical engineering and first hand perspective studying at university level",,
2026/09/09 6:46:59 pm CET,Nusaybah Amod,nusaybahamod1@gmail.com,Sister,Design Engineering,N/A,Coding;Languages,Engineering,"I plan to apply to Imperial, as my top choice, and from this mentoring I would like to come out with a strong UCAS application for design engineering, I would appreciate advice on my personal statement and how to make it suited to the course I am applying to, as well as any tips for the ESAT!",,
2026/09/09 7:17:53 pm CET,Yaksh Patel,Yakshp510@gmail.com,Brother,Mechanical Engineering,Mechanical Engineering,Sport;Fitness;Gaming;Cooking,Engineering,I hope to gain assistance with my personal statement as well as some guidance on how to prep for admissions exams and interviews. I also hope to meet new people that I can talk to normally. Maybe I would like some careers advice too because I am a bit unsure of what steps to take in the far future.,,
2026/09/09 8:29:36 pm CET,Naziat Hossain,naziat.06@gmail.com,Sister,Bioengineering,Bioengineering,Photography;Cooking,Healthcare;Research,"tailored constructive feedback on how to improve my personal statement. and preparing for interviews, especially from someone studying my dream course. I would also like to gain an insight into what the course is like at a top tier university such as Imperial                        ",,No
2026/09/09 9:07:11 pm CET,Sahla Yasir,Sahlayasir@outlook.com,Sister,Bioengineering,Bioengineering,Art;Photography;Reading;Debating;Volunteering;Cooking,Engineering;Healthcare,"I really need guidance and support in the application process, which so far I just have not been able to receive from school, family etc. I hope that someone with both and Islamic and academic perspective would be tremendously helpful in assisting me in this process. I am particularly struggling with the writing element of the application, as I find it difficult to translate all the things I want to mention and that I have done/read that is relevant into a cohesive piece, that conveys what I am trying to say and make my points relevant to the course and application. It also doesn’t help that I am dyslexic, which is likely an added layer of difficulty in this process. ",,No
2026/09/09 9:09:04 pm CET,Shayan Sheikh,shayansheikh09@outlook.com,Brother,Design Engineering,Mechanical Engineering,Coding;Gaming;Art,Engineering;Technology;Design,"During this scheme, I would like to develop my understanding of the steps I can take after my A levels to lay the groundwork for a future career in design engineering. What captivates me is understanding how I may be able to make my personal statement stand out so that I will be able to engage the admissions officers in a concise yet impactful manner. Moreover, I am intrigued by the importance of Islamic values in STEM and how this may separate this mentorship scheme from similar ones. My goal is to learn more about the application and interview process and what steps I can take now, at the beginning of Year 13, so that I can convey my strengths as succinctly as possible. Finally, I would be extremely grateful if advice is given on how to prepare for the ESAT, given that I am the first in my family who is required to complete it.",,No
2026/09/09 9:10:15 pm CET,Zakirah Hassen,zakirah.hassen@gmail.com,Sister,"Economics, Finance and Data Science",accounting/ business management,Photography;Reading;Debating;Volunteering;Sustainability;Cooking;Travel,Finance;Consulting,From this mentoring I want to be able to develop my personal statement to make it more effective and efficiently express my experiences and accomplishments to insha Allah get into a good university that will help me increase my skills and study a good course. The mentorship will help me understand the course that I want to do from a students perspective and this can lead to some important advice which is necessary for these really important years. ,This will really increase my confidence when finishing my personal statement and learning more about my course. ,No
2026/09/09 9:17:22 pm CET,Raian Khan Khan,khankhanraian@gmail.com,Brother,Electronic and Electrical Engineering,theoretical or physics,Sport;Fitness;Gaming;Photography;Cooking;Travel,Engineering;Research;Technology;Finance;Education,A greater confidence level along with my UCAS application and looking at how I may be able to adapt my UCAS essay to make it seem more personalised to myself and to help it stand out compared to other applicants. I also hope to get any questions and confusion I have answered through my mentor on the course that I may pursue and possible help with degree apprenticeships.,I may pursue a Degree apprenticeship so I would like help with that aswell insha allah.,No
2026/09/09 9:17:43 pm CET,Muhammed Sameer,sameermuhammed@suttongrammar.school,Brother,Mechanical Engineering,Civil Engineering,Reading;Volunteering;Sustainability;Travel,Engineering,I hope to gain feedback on my personal statement. I also have ESAT coming up next month so I need tips and tricks to help me especially given the intense time limit. I also need help with interview practice. Just general things I need to know for my application to highly competitive offers and how I can stand out from the crowd.,Does a similar programme occur for degree apprenticeships?,No
2026/09/09 10:09:53 pm CET,Yahya Mohamed,yahya1509m@gmail.com,Brother,Mathematics,Mathematics,Gaming;Volunteering;Travel;Entrepreneurship,Technology;Finance," I hope to gain personalised advice on my Mathematics application, particularly how to strengthen my personal statement, prepare effectively for the TMUA and develop my interview technique for my application to maths at Cambridge. I’d also value insight from someone who has recently experienced the process themselves and also their career prospects when finishing their maths course.",,No
2026/09/09 10:25:16 pm CET,Ihsan Zaman,ihsanzaman3172009@gmail.com,Brother,"Economics, Finance and Data Science",,Gaming,Finance,I hope to gain the teaching for the TMUA admissions test and get atleast a 5.0. I would also like to receive feedback on my personal statement and further improve it. Also I am interested in the community and hope to gain knowledge from students who are in university about their experiences.,,No
2026/09/09 10:30:50 pm CET,Isra Ali,09isra.ali09@gmail.com,Sister,"Economics, Finance and Data Science",N/A,Music;Debating;Languages,Finance,"I would love to gain support from someone who has experience the intense application process that feels really daunting at the moment. It would feel grounding to speak to someone who has been through the same process and to know that things get better eventually. Advice on how to manage studying as well as applications would be very useful.  As someone applying to degree apprenticeship additionally, it would be really useful to access interview support. Although this process is centred around university applications, I know that the imperial interview process is very intense and I would really appreciate feedback on my soft skills.",Thank you for organising this:),No
2026/09/10 8:16:42 am CET,Zain Merchant,Zainimerchant@gmail.com,Brother,"Economics, Finance and Data Science",Mathematics,Sport;Fitness;Gaming;Music;Debating;Entrepreneurship,Finance;Entrepreneurship,"I'm hoping to find a mentor to help guide me through the UCAS process as I apply for Maths and Economics at Imperial and LSE. My main goal is to get some honest feedback on my personal statement. I want to make sure I'm doing a good job of linking my A-Level Maths and Further Maths to the wider economic concepts I've been reading about.
I'd also really appreciate some advice on how to prep for the TMUA, as well as some practice talking through maths problems out loud for the Imperial interviews. Mostly, I'm just looking for someone who has been through this before to point out where I can improve and help me make my application as strong as it can be.","Just to add, I am fully committed to making my application as competitive as possible. I actually deferred my place at a Muslim charity volunteer camp in Nairobi until next summer so I could dedicate this time entirely to preparing for the TMUA and my UCAS application. I also currently work as a tutor, which has been great practice for explaining maths concepts clearly, but I know I need that higher-level academic push that a mentor could provide. Thank you for considering my application.",No
2026/09/10 12:26:23 pm CET,Marjanur Rahman,marjanurrahman012@gmail.com,Brother,Computing,Mathematics,Coding,Technology,"I hope to gain a clearer understanding of what it takes to successfully apply to highly competitive STEM universities, particularly for Computer Science and Mathematics. I have already explored STEM through experiences such as my Greenpower engineering team, work experience with Mercedes-AMG PETRONAS Formula One Team, and my Computer Science NEA, where I am developing a machine-learning powered F1 race strategy simulator. However, I want to better understand how to communicate these experiences effectively and demonstrate the academic curiosity behind them in my UCAS application.

I would particularly value learning from Imperial students who have recently gone through the application process themselves. I hope to gain honest advice on personal statements, admissions tests, interviews and choosing universities, as well as an insight into what studying STEM at a university like Imperial is actually like.

As a Muslim student from East London, I would also appreciate being part of a community where I can meet people with similar backgrounds and ambitions. Ultimately, I hope the mentoring will make me a more confident applicant, help me make informed decisions about my future, and give me the guidance to make the most of the opportunities available to me.",,No
2026/09/10 4:46:20 pm CET,Omer Kacira,remokacira@gmail.com,Brother,Biochemistry,Chemistry,Sport;Fitness;Music;Volunteering;Cooking,Research,"to gain greater insight on the university interveiws and how to personalize my personal statement that is going get me the best chance in getting into prestigious universities (hopefully imperial). Adiionally, im currently conflicted with my admissions test, i need help with exam techniques and how to manage my time properly. ","Im very eager to take part in this, i got sent this just at the right time. ",No
2026/09/10 7:40:22 pm CET,Muhamed Ahmed,zoraleshq@gmail.com,Brother,Aeronautical Engineering,Mechanical Engineering,Sport;Coding;Gaming,Engineering,"In a month, I’ll have to sit the TARA and ESAT. Moreover, my computer science NEA first draft is due in December. I would really appreciate if I could have someone who could relate to me and help me with navigating these tribulations and support me with overcoming them with the maximum degree of success inshallah",,No
2026/09/10 10:28:38 pm CET,Insia Zafar,2026i.zafar@arkacademy.org,Sister,Materials Science,Materials Science,Music;Travel;Languages,Engineering,"Applying to university for a STEM degree is both incredibly exciting and daunting, and I hope to gain the specific guidance, confidence, and insider perspective needed to navigate the highly competitive admissions process successfully. More specifically, I am looking to gain support in tailored guidance, having a mentor look over my personal statement will help me structure my thoughts effectively and the feedback will help me improve what to write,  I hope to gain practical strategies through mock interviews to help me think out loud under pressure, allowing me to showcase my problem-solving abilities rather than letting nerves take over.",,No
2026/09/10 11:28:59 pm CET,Umar Ibrahim,umaribrahim1011@gmail.com,Brother,Electronic and Electrical Engineering,N/A,Sport;Gaming;Volunteering,Engineering,"I hope to gain expert advice on my personal statement from people who are currently studying the degree I aspire to get into (EEE). Having attended the STEMM Engineering Taster Day, I value and appreciate the genuine help you all offer as Muslim brothers and sisters. As well as this, interview and ESAT preparation would really help and improve my chances of getting into Cambridge/Imperial. I would really like to come to Imperial because I have witnessed the strong Muslim community there and this is something I wish to be a part of.",,No
2026/09/11 10:50:28 am CET,Samma Khan,Ksamma40@gmail.com,Sister,Chemistry,Chemical Engineering,Gaming;Art;Music;Reading;Volunteering;Cooking;Languages,Engineering;Technology;Law;Policy;Design;Education,"I’ve always had plenty of ideas, and have done many projects, but always found it difficult to discuss or share them  confidently which worries me for the interview part of the selection process, I hope that a mentor could give me more confidence in that aspect, help me think on my feet, and also share more about their degree! I would really appreciate this oppurtunity as I might be looking at 3 interviews from my unis! ",,No
2026/09/11 11:45:39 am CET,YUMNA SHAIKH,syumna934@gmail.com,Sister,Medical Biosciences,Medical biosciences at imperial,Art;Reading;Volunteering;Sustainability;Travel,Healthcare;Research,"Help with creating a perfect application, and a lot of interview practice for oxford, as well as any esat prep i can have such as tricks for timing or practice etc. For reference I am doing bio chem and maths 1 for esat,n and the esat and interview is only for oxford. ",,No
2026/09/11 10:00:43 pm CET,Haris Ahmed,haris.ahmed09@hotmail.com,Brother,Electronic and Electrical Engineering,N/A,Sport;Fitness,Engineering,"Advice and insight into applying to these courses and support for the esat and interview help. I am not very confident in applying to these universities and help from someone who has experienced the process would be very useful. Also, being able to get an insight into how the university life is and which courses they would recommend. On top of that I am unsure about how much knowledge is needed prior to the course and that would be helpful to hear about from a student",,No
2026/09/11 11:25:43 pm CET,Summaya Ahmed,Summayaahmed09@icloud.com,Sister,Biochemistry,Biochemistry,Sport;Fitness;Reading;Volunteering,Healthcare,"The best preparation for application/ interviews possible. I think teachers can only help so much since for then applications where a long time ago, but for current students, they are perhaps a better source for making my application as competitive as possible.",,No
2026/09/12 10:46:32 pm CET,Raghad,raghadnouri148@gmail.com,Brother,Civil Engineering,Design Engineering,Volunteering;Cooking;Travel,Engineering;Design,"I hope to learn more about Civil Engineering, what studying the course at university is like, and the different careers it can lead to. I would also like advice on making a strong university application, preparing for interviews, and what I can do to improve my chances of getting into a good university.",,No
2026/09/12 10:53:50 pm CET,Hamza Shahbaz,77muhammedhamza@gmail.com,Brother,Chemical Engineering,Aeronautical Engineering,Sport;Fitness;Coding;Music;Reading;Volunteering;Travel;Languages,Engineering;Entrepreneurship,I hope to gain higher levels of confidence in talking and communicating which are essential for interviews. I wish to improve on my personal statement and expand the range of information which I give on it to maximising my chances of being accepted. Also mentoring for the ESAT would be very helpful as well.,,No
2026/09/13 1:06:27 pm CET,Mohamed Ali,medali.talhi@gmail.com,Brother,Mathematics and Computer Science,Electronic and Electrical Engineering,Sport;Fitness;Coding;Gaming;Debating;Entrepreneurship,Engineering;Research;Technology,"I’m hoping to gain guidance and practical insights from someone who has already been through the university application process and can share the things they wish they had known beforehand. As an international student from Morocco, the UK system and the application process are still quite unfamiliar to me, so having someone who can answer questions, help me understand what to expect, guide me through the different stages, and point out important opportunities or considerations I might otherwise miss would be incredibly valuable. I would be very grateful for the opportunity to learn from someone with that experience and perspective.","I am currently in my final year at a French school in Morocco, following the French Baccalaureate curriculum. I will be able to get support from my school regarding the curriculum itself and the academic requirements related to the French Baccalaureate. However, I am much less familiar with the UK university admissions process, particularly the UCAS application, the overall admissions process, and preparation for any relevant admissions tests. This is the area where I would really benefit from guidance from someone who is familiar with the system and has already been through the process.",Yes
2026/09/13 3:04:57 pm CET,Husniddin Hoshimov,h.khoshimov@gmail.com,Brother,Mechanical Engineering,General Engineering,Sport;Art;Photography;Music;Entrepreneurship,Engineering,"I’m a student currently applying for mechanical engineering. I am struggling with my personal statement’s wording and making it impactful, so I am looking for help in the writing. Additionally, help in being able to discuss and answer questions for the interview (being able to develop talking skills for it) would be much appreciated. Jazakallah",,No
2026/09/13 5:25:42 pm CET,Maha Durrani,mahadurrani3@gmail.com,Sister,Computing,,Volunteering;Cooking;Travel;Entrepreneurship,Technology,"I hope to gain advice and guidance on the TMUA and writing a strong personal statement. I would also like to learn more about the university application process, university life, and how I can make my application as competitive as possible.
TMUA is the priority at this stage and I am looking for advice on resources such as courses and online question banks.",I would be keen to speak to someone about TMUA admission. I have my exam in 4 weeks.,No
2026/09/13 6:39:17 pm CET,Zakariya Quraishi ,Ilyas1973@gmail.com,Brother,Electronic and Electrical Engineering,Mechanical Engineering,Sport;Gaming;Photography;Cooking,Engineering,"I would like to gain support and advice on getting in to, and succeeding at Electrical and Electronic Engineering or other Engineering undergraduate degree course at Imperial or other good university. I am looking for mentoring from likeminded STEM students that will help me with improving my personal statement, UCAS application and give me advice and support on improving my understanding and skills to perform well in the ESAT admission test and interviews.  ",,No
2026/09/13 10:57:21 pm CET,Raian Khan Khan,khankhanraian@gmail.com,Brother,Electronic and Electrical Engineering,Physics,Sport;Fitness;Gaming;Photography;Reading;Volunteering;Cooking;Travel,Engineering;Research;Technology;Finance;Education,"I hope to develop an understanding on how to create an outstanding application while refining my skills of answering questions under pressure, not being nervous and writing to persuade the reader to pick my application over others. Also hoping to understand the benefits of university and how to get into a degree apprenticeship",May look for theoretical physics too,No
2026/09/14 2:31:28 pm CET,Muhammad Taha Azkar,tahaazkarr@gmail.com,Brother,Design Engineering,,Coding;Art;Reading;Sustainability,Engineering;Design,"Anything that helps improve my application directly or indirectly. It could be learning something related to what I'll be studying at university, advice on interview preparation or my personal statement; whatever helps. That is also the reason I'm signing up - you never know where you could learn something useful!",,Yes
2026/09/14 2:38:42 pm CET,Salik Ahmed,salik.ahmed2008@gmail.com,Brother,Computing,Mechanical Engineering,Sport;Fitness;Coding;Art;Music;Reading;Debating;Cooking;Entrepreneurship,Engineering;Research,"I hope to gain guidance from someone I can relate to and who can understand my experiences and ambitions. I would like to learn more about university and my future field, while gaining advice, confidence and a different perspective. I want to make the most of this opportunity and become the best version of myself academically and personally.
",,No
2026/09/14 3:48:11 pm CET,Omar Ahmed,omarahmed07@hotmail.com,Brother,Mathematics,"Economics, Finance and Data Science",Sport;Fitness;Debating;Travel;Entrepreneurship,Research;Entrepreneurship,"My dad graduated from Imperial with a MEng in Civil Engineering in 1990, so attending has been on my radar for as long as I can remember. 

Having achieved A*A*A in Maths, Further Maths and Physics, I am applying to Maths and EFDS at Imperial this year. Both courses require the TMUA and EFDS requires interviews.

I want insider advice on how to sharpen my problem solving skills for a competitive TMUA score, and how to articulate my passion for data science, machine learning and mathematical finance for the EFDS interview.

I am set on going into machine learning in the future and hope to develop my own start up one day insha'Allah. 

Ultimately, what I hope to gain from this mentoring is someone who can coach me for TMUA and interviews and help me fulfil my dream to get into Imperial.","Currently in a gap year with achieved grades: A*A*A in Maths, Further Maths and Physics. ",No
2026/09/14 3:53:24 pm CET,Minahil Ahmad,missminahilahmad@gmail.com,Sister,"Economics, Finance and Data Science",Economics,Volunteering;Sustainability;Travel,Finance,Insight into constructing a well written personal statement for the course I am looking to apply for alongside interview tips for economics finance and data science. Guidance on the ucas process aswell as advice for taking university admission tests such as the TMUA,,No
2026/09/14 5:05:15 pm CET,Montahina Adrita,montahinaadrita9@gmail.com,Sister,Bioengineering,N/A,Art;Photography;Reading;Volunteering;Cooking;Travel,Healthcare;Research,"I would like to gain some insight on the application process. Additionally, I hope to get a clear idea of what I would like to do at uni. I want to be informed of the options I have after completing a degree and I want to start thinking about long term goals as well. Overall, I would like to become more confident in myself and I want to make sure that I am in the best position for next year.",,No
2026/09/14 5:15:22 pm CET,Safiyah Ahmed,Safiyah.ahmed09@gmail.com,Sister,Biochemistry,Bioengineering,Art;Cooking,Healthcare,"I would like support with making my personal statement stand out. I think tailored feedback from undergraduate students from the course i am applying to will be very beneficial as well as genral advice for applying to university. I would also like to learn the skills set i need to pass the admissions exams. 



",,No
2026/09/14 5:45:23 pm CET,Nina Yinusa,Nemosike1@gmail.com,Sister,Computing,,Coding;Gaming;Art;Languages,Technology,I want guidance on how to write an effective personal statement and how to conduct myself in interviews. I want advice on how to prepare for A levels. I want to get to know the university experience through an Islamic lens and how to navigate living away from an Islamic environment.,,No
2026/09/14 6:17:48 pm CET,Osman Islaw,osmanislaw56@gmail.com,Brother,Electronic and Electrical Engineering,Physics,Sport;Fitness;Sustainability,Engineering,I hope to inprove my ucas application especially the personal statement to have the best chances on getting into my first choicd university. More insight into interviews and the process and additional resources for the esat admission test would also be extremely beneficial to put myself in the best possible position for the future.,,No
2026/09/14 6:40:41 pm CET,Moneab Nekeb,nekebm@gmail.com,Brother,Mathematics,N/A,Gaming;Reading;Volunteering;Sustainability;Cooking,Finance,I would love to meet other muslims studying in london and discuss whether its worth it as my family isnt fully sure whether studying in london and taking a large debt and loan is a good idea. Also i would love to gain some insight into tmua prep and possibly interview/a level tips.  ,,No
2026/09/14 6:51:05 pm CET,Mehak Qazi,mehakqazi1984@gmail.com,Sister,"Economics, Finance and Data Science",Computing,Volunteering;Entrepreneurship,Finance;Law;Education,"I hope to gain useful advice and guidance about further education, including choosing the right university and course for me, preparing for the application process and making informed decisions about my future. I would also really value specific feedback and support with my personal statement, particularly making it more personal, relevant and reflective of my experiences, interests and goals. I hope the mentoring will help me feel more confident about my choices and the next steps towards university.",,No
2026/09/14 9:30:46 pm CET,Salman Safras,salmanalisafras123@gmail.com,Brother,Electronic and Electrical Engineering,Mechanical Engineering,Sport;Gaming,Engineering,"I gain to hope additional tips and help, in how I can successfully progress with my UCAS application and to make me a very likely student who gets accepted into a good university. And the advice coming from a student who has already been through the same process will be really helpful in understanding everything.",,No
2026/09/15 12:01:06 pm CET,Eesa Hameed,Nausheen.vohra@gmail.com,Brother,"Economics, Finance and Data Science",N/A,Sport;Fitness,Finance;Consulting;Entrepreneurship,"Guidance on supercurricalurs and personal statement advice. Help with what universities are looking for and to get a better understanding on way in which I can further enhance my personal statement. In addition, practice interview questions and help and guidance on the type of questions that might be asked. I will also being sitting the TMUA test and it would be helpful to hear from those that have already sat the test previously.",,No
2026/09/15 1:24:24 pm CET,Ameera Quraishi ,ameeraquraishi25@gmail.com,Sister,Civil Engineering,Architecture ,Art;Music,Engineering;Finance,"Support for the UCAS form, how to make my application stand out and understand how learning occurs at an undergraduate level. What are university looking for in potential candidates and how to show that in my UCAS form especially as my planned degree doesn't have an interview as part of the application.",,No
2026/09/15 6:22:44 pm CET,Jai Madhusuthan,j.madhusuthan321@gmail.com,Brother,Aeronautical Engineering,Mechanical Engineering,Gaming;Debating,Engineering,"I hope to gain valuable assistance in improving my personal statement and overall application so I can be more competitive for imperial college London since I want to apply for that its my firm. Also I want to learn how to better organise my time for upcoming A levels to get the highest possible grades I can. Lastly, I hope to gain some useful insight into engineering or lifestyle in general at imperial since its my dream uni",,No
2026/09/15 9:55:34 pm CET,Ayaan Amin,aminayaan999@gmail.com,Brother,Maths and Computer Science,N/A,Coding;Gaming;Reading,Research;Technology;Finance,"Good personal statement advice to make my application more competitive, advice for the TMUA to allow myself to get a higher score to ensure I get into the universities I want to apply to, and also just general admissions advice so that I can definitely get a conditional and then unconditional offer from the universities I will be applying to.",,No
2026/09/16 4:04:48 pm CET,Zaha Mughal,zahamughal2009@gmail.com,Sister,Design Engineering,Mechanical Engineering,Coding;Volunteering;Entrepreneurship,Engineering;Research;Technology;Design;Entrepreneurship,"I would like guidance on how to structure and approach my personal statement and the UCAS application process. I am required to give the ESAT for the Design Engineering program at Imperial and Id like some test preparation advice, specifically for maths module 1 and 2. ","As an international muslim student, I would really appreciate any mentorship advice from someone who’s currently in the place where I’d like to see myself next year. ",Yes
2026/09/17 10:02:27 am CET,Ahmed Ali,ahmed.abib40@gmail.com,Brother,Civil Engineering,Mathematics,Sport;Fitness;Gaming;Reading;Cooking;Travel,Engineering;Research;Technology;Finance;Education,"I want to learn how to use my engineering and tech background to build better tools for education. Through this mentoring, I hope to get practical advice on how tech products are actually designed and used in the education sector. I am eager to learn from a mentor's firsthand experience in this field.",,No
2026/09/17 12:41:54 pm CET,Hussain Abdullah Naved Siddiqui,hussain.naved1702@gmail.com,Brother,Bioengineering,N/A,Fitness;Photography;Reading;Debating;Volunteering;Travel;Languages;Entrepreneurship,Engineering,"Tutoring for the ESAT; how to improve speed, efficiency and mental calculations, personal statement and extra/supercurricular advice; which ones to undertake for my application, ratios of how much to talk about and what to talk about to improve chances of an offer, and interview preparation; what to expect, how to prepare, and how to improve thinking on the spot. ",,No
2026/09/18 12:32:01 am CET,Omar Ghauri,Omarghh46@gmail.com,Brother,Mathematics,Jmc ,Fitness;Travel;Entrepreneurship,Technology;Finance,"Advice for personal statement and other support that could potentially help me in my interview for Cambridge. Perhaps any help with the tmua as well as the STEP exam, which I’ll sit if I’m successful in receiving an offer from Cambridge. Resources in general would be of huge help",,No
2026/09/18 9:56:50 pm CET,Haadi Siddiqui,haadihsiddiqui1@gmail.com,Brother,Electronic and Electrical Engineering,N/A,Sport;Fitness;Art;Photography;Volunteering;Travel;Entrepreneurship,Engineering;Technology;Entrepreneurship,"Advice on how to best approach applying for the top universities, such as writing a strong personal statement, revising for entrance exams, and prepping for interviews. Also want to gain insight into what it's like studying at university compared to A level",,No
2026/09/20 6:13:07 am CET,Daniel Imani-Masouleh,Danielimani26@gmail.com,Brother,"Economics, Finance and Data Science",N/A,Sport;Fitness;Coding;Gaming;Music;Cooking;Travel;Languages;Entrepreneurship,Finance;Entrepreneurship,A clearer view for the future of my path. I would be very grateful for a mentor to guide me in the correct path to achieve my dreams of getting into the unis stated above. I want to outshine in the competitive field. Help with personal statement would be much appreciated,,No
2026/09/20 10:10:20 am CET,Aazim Ashraf,aazimashraf2021@gmail.com,Brother,Electronic and Electrical Engineering,Computing,Fitness;Coding;Gaming;Entrepreneurship,Engineering,"Any advice and help to get me into a good University of my choice. Personal statement, application and interview help will be greatly appreciated too. I'm doing my best in terms of grades and insha'Allah my grades are at the expected level. I just need help with the extras.",,No
2026/09/21 5:39:33 pm CET,Hassan,hassmali0789@gmail.com,Brother,Chemistry,Chemical Engineering,Sport;Travel,Engineering," I intend to obtain systematic direction and clarity during my university admission process.
I want personalised support with my personal statement, interview preparation, and admissions tests, especially for chemistry‑related courses. I also hope to learn from someone who has already been through the process so I can improve my confidence, understand what top universities expect, and strengthen my application overall and i want interview practice and help with my subjects maybe.",nah gee,No
2026/09/22 10:04:06 pm CET,Taha Raghai,minirag8@gmail.com,Brother,Mechanical Engineering,Aeronautical Engineering,Sport;Art;Travel,Engineering,Advice for my personal statement and how I can refine each sentence for it to hold valuable information to make me stand out. Also how to exceed in interviews would be a great help. Not only that but having the opportunity to discuss how student life is at these competitive universities and how a undergraduate could make the best out of his time there to have a good career set ahead of you.,,No
2026/09/24 8:33:10 am CET,Md Ayan Uddin ,ayanu1313@gmail.com,Brother,Electronic and Electrical Engineering,Civil Engineering,Gaming;Entrepreneurship,Engineering,"I hope to get support with improving my personal statement and making sure it clearly shows my interest and suitability for the course. I would also like help preparing for university entrance exams through practice questions, advice on exam technique, and guidance on areas I need to improve.",,No
2026/09/24 5:47:44 pm CET,Adeel Awan,awanadeel557@outlook.com,Brother,Aeronautical Engineering,N/A,Sport;Fitness;Photography;Cooking;Travel;Languages;Entrepreneurship,Engineering,A greater understanding of student finance as a Muslim as well as a friend at imperial who can answer my miscellaneous questions ,,No
2026/09/24 11:49:53 pm CET,Aasil Khawaja,aasilkhawaja1@gmail.com,Brother,"Economics, Finance and Data Science",N/A,Sport;Gaming;Music;Debating;Cooking;Entrepreneurship,Finance,Valuable 1 to 1 support and an insight on how to get through the process. I hope it gives him the skills a current Imperial student has and allows him to develop them further,,No
2026/09/25 8:35:08 am CET,Hana Choueib ,hchoueib20@gmail.com ,Sister,Biochemistry,Pharmacy,Reading;Volunteering;Cooking;Languages,Healthcare;Research,"I hope to learn from my mentor’s experience with university applications, particularly what they found most useful during the process. I would also like to gain guidance on how I can make my application stronger and distinguish myself from other applicants.",,No
2026/09/25 6:34:32 pm CET,Ali Juma,ali@mjuma.com,Brother,Mathematics,Computing,Coding;Languages;Entrepreneurship,Technology;Finance;Entrepreneurship,"Help with application and interviews, and also general advice applying to Cambridge and Imperial for Maths/JMC","I did my A level computer science early in year 9, I am quite interested in programming and AI in general, although I am mainly applying for Maths at Cambridge. I am also applying for joint Maths & Computer Science at Imperial.",No
2026/09/25 7:43:39 pm CET,taalay ullah,taalayuk@gmail.com,Brother,"Economics, Finance and Data Science",N/A,Sport;Fitness;Music;Travel;Entrepreneurship,Finance;Entrepreneurship,"I hope to be able to make full use of the mentoring by meeting new people, making new friends and be mutually beneficial. This may be through talking about hobbies, interests, future plans or just general talk. Personally i plan to make my uni application stronger by having a strong personal statement, prepare well for the entrance exam and if i get to the point where i have an interview, prepare for it. If the scheme continues afterwards, i would use it for advice on exams, tips and tricks in order to get the best grade i can do.",,No
