Mentor_Email,Mentee_Email_1,Mentee_Email_2,Mentee_Email_3,Mentee_Email_4
a@a,1@1,2@43,,
b@b,2@2,,,
c@c,2@63,2@93,2@9,
d@d,2@4,2@22,2@34,2@46
e@e,2@89,,,
f@f,2@30,2@6,2@42,
g@g,2@7,2@31,2@73,2@79
h@h,2@8,2@26,,
i@i,2@15,2@69,2@21,
j@j,2@16,2@70,,
k@k,2@17,2@5,2@29,2@53
l@l,2@12,,,
m@m,2@13,2@37,2@61,2@85
n@n,2@68,2@38,,
o@o,2@27,2@39,2@75,
P@p,2@64,2@94,,
q@q,2@41,,,
r@r,2@72,2@24,2@84,2@90
s@s,2@25,2@49,,
t@t,2@74,2@92,2@20,
u@u,2@3,2@51,2@57,2@87
v@v,2@76,2@10,,
w@w,2@23,2@35,2@47,
x@x,2@78,2@66,,
y@y,2@19,2@55,2@67,2@97
z@z,2@14,2@86,2@32,
