Mentee_Email,Course
2@11,Physics
2@18,Chemistry
2@28,Mechanical Engineering
2@33,Chemistry
2@36,Chemistry
2@40,Mechanical Engineering
2@44,Physics
2@45,Chemistry
2@48,Chemistry
2@50,Physics
2@52,Mechanical Engineering
2@54,Chemistry
2@56,Physics
2@58,Mechanical Engineering
2@59,Physics
2@60,Chemistry
2@62,Physics
2@65,Physics
2@71,Physics
2@77,Physics
2@80,Physics
2@81,Chemistry
2@82,Mechanical Engineering
2@83,Physics
2@88,Mechanical Engineering
2@91,Mechanical Engineering
2@95,Physics
2@96,Chemistry
2@98,Physics
2@99,Chemistry
2@100,Mechanical Engineering
