"Timestamp","Full Name","Email Address","Imperial shortcode","Phone Number","Are you a brother or a sister?","Which course do you study?","Year of study","Please select which of the following aligns with your interests","Career areas you can advise on","How many sixth formers are you happy to mentor?","Have you been a STEM Muslims mentor before?","Are you a Home or International student?","Additional comments"
"2026/09/05 7:29:56 pm CET","Nour Mokhtar","Nour.mokhtar23@imperial.ac.uk","nm1623","+966505651199","Sister","Bioengineering","4","Coding;Gaming;Volunteering;Travel;Entrepreneurship","Engineering;Healthcare;Research;Technology","4+","Yes","",""
"2026/09/05 7:31:42 pm CET","Yusuf Ibrahim ","yyi25@ic.ac.uk 06yusufibrahim@gmail.com","yyi25 ","+447305510882","Brother","Chemical Engineering","2","Sport;Fitness;Gaming;Sustainability","Engineering","1","No","",""
"2026/09/05 8:03:26 pm CET","Aqsa Syed","aqsa13syed@gmail.com","as4225","07551421877","Sister","Computing","2","Sport;Fitness;Coding;Gaming;Art;Photography;Music;Reading;Debating;Volunteering;Sustainability;Cooking;Travel;Languages;Entrepreneurship","Engineering;Technology","2","No","",""
"2026/09/05 8:07:31 pm CET","Alveera Siddiquie ","alveera.siddiquie@gmail.com","as8125","+447388279563","Sister","Chemical Engineering","2","Art;Reading;Debating;Volunteering;Sustainability","Engineering;Education","2","No","",""
"2026/09/05 8:27:09 pm CET","Ilyas Andre-Rahman","ilyasabdurrahman75@gmail.com","Iya25","07754217131","Brother","Physics","2","Sport;Coding;Languages","Education","2","No","",""
"2026/09/05 8:32:34 pm CET","Zakariyah Bello","ademolab20@gmail.com","zab25","07377846898","Brother","Computing","2","Sport;Coding;Volunteering;Entrepreneurship","Technology;Consulting","1","No","","I'd rather use imperial email if possible and theres a choice of which email. I can take on 2 students if need be, but 1 is preferred"
"2026/09/05 9:21:11 pm CET","Shazmin Basit","sb1524@ic.ac.uk","sb1524","07908022705","Sister","Chemical Engineering","3","Fitness;Art;Reading;Sustainability;Cooking","Engineering","2","Yes","",""
"2026/09/05 9:21:42 pm CET","Alisha Jamil","aaj125@ic.ac.uk","aaj125","07340726294","Sister","Medical Bioscience ","2","Reading;Volunteering;Sustainability","Healthcare;Research","2","No","",""
"2026/09/05 10:05:00 pm CET","Ali Zubair","aaz23@ic.ac.uk ","aaz23","07388673171","Brother","Mechanical Engineering","3.5: Industrial Placement ","Sport;Fitness;Reading;Debating;Volunteering;Languages","Engineering;Research;Entrepreneurship","3","Yes","","Would be great if STEMM could find/create some ESAT resources/guidance (especially years 1-2) which I could forward cus it was introduced after my time 👴🏼. Jazakullah khair"
"2026/09/05 10:10:10 pm CET","Aadin Patel","aadin.patel23@imperial.ac.uk","Aap123","07563932260","Brother","Electronic and Electrical Engineering","4","Sport;Fitness;Coding;Travel;Languages","Engineering;Research;Technology;Finance;Entrepreneurship","3","No","",""
"2026/09/06 4:32:35 am CET","Lena Khattab","khattablena@gmail.com","lk1724","447360023014","Sister","Medical Biosciences","2","Art;Debating","Healthcare","1","No","",""
"2026/09/06 7:40:38 am CET","Joanne Sarhadar","joanne.sarhadar@icloud.com","js4926","07572371614","Sister","Materials Science","1","Sport;Fitness;Photography;Reading;Sustainability;Cooking;Travel;Languages","Engineering","2","No","","Having a mentor myself last year during the application process was the most helpful experience, I would really love the opportunity to give back to the ummah and help someone who is in the same position as I was last year. "
"2026/09/06 7:52:44 am CET","Ayuub Mohamud","ayuub.mohamud@outlook.com","am2723","07463135887","Brother","Mathematics;Electronic and Information Engineering","4","Coding","Engineering;Technology","2","No","",""
"2026/09/06 3:52:59 pm CET","Nawshad Akbor","Na1125@ic.ac.uk","na1125","07876378995","Brother","Mechanical Engineering","2","Fitness;Coding;Gaming;Volunteering;Sustainability;Cooking;Travel","Engineering","1","No","",""
"2026/09/06 7:05:35 pm CET","Huzaifa Sacoor","Hms23@ic.ac.u","hms23","07375547853","Brother","Medicine","4","Entrepreneurship","Healthcare","1","No","",""
"2026/09/06 8:02:53 pm CET","Minhazur Rahaman","minhazurrahaman07@gmail.com","mr1725","07398944233","Brother","Physics","2","Sport;Fitness","Finance;Consulting","2","No","",""
"2026/09/07 12:30:04 pm CET","Zainab vawda","zavawda02@gmail.com","zv22","07873368708","Sister","Biology","Just graduated","Sport;Art;Photography;Reading;Cooking;Languages","Healthcare;Research","3","Yes","",""
"2026/09/07 9:09:05 pm CET","Nibras Bin Nur","nibrasbinnur7@gmail.com","nb1025","07577798615","Brother","Physics","2","Gaming","Engineering;Finance","1","No","",""
"2026/09/07 10:16:45 pm CET","Manar Alsaadi ","manar.alsaadi2006@gmail.com","ma3425","+44 7491 661848","Sister","Medical Biosciences ","2","Volunteering;Travel;Languages;Entrepreneurship","Healthcare;Research","2","No","",""
"2026/09/08 3:59:13 pm CET","Nahian Chowhdury","nahianchowdhury05@gmail.com","nc825","07415082389 ","Brother","Materials Science","2","Sport;Fitness;Gaming;Travel","Engineering;Consulting","1","No","",""
"2026/09/08 10:21:40 pm CET","Jenna Mohammad","jennamohammad07@gmail.com","jm626","07840324846","Sister","Biology","1","Fitness;Music;Reading;Travel","Healthcare;Research","2","No","",""
"2026/09/08 10:23:08 pm CET","Rayana Abdulahi ","ra2525@ic.ac.uk","ra2525","07421476369","Sister","Design Engineering","1","Sport;Fitness;Reading","Engineering","1","No","",""
"2026/09/08 11:15:16 pm CET","Yousuf Shahabuddin ","yousuf.shahabuddin24@imperial.ac.uk","ys5523","+44 7427375548","Brother","Design Engineering","3","Gaming;Photography;Sustainability;Cooking;Travel","Engineering;Technology;Design;Entrepreneurship","1","No","",""
"2026/09/09 2:49:59 pm CET","Saiful Islam","ssi121@ic.ac.uk","ssi121","07548730077","Brother","Materials Science","4","Sport;Fitness;Gaming;Art;Photography;Reading;Debating;Volunteering;Sustainability","Engineering;Design;Education","2","No","",""
"2026/09/10 4:04:39 am CET","Rawnak Zahan ","hafsa.zhzh@gmail.com","rz725","7471463313","Sister","Bioengineering","2","Sport;Fitness;Coding;Art;Cooking;Languages","Engineering;Research","1","No","",""
"2026/09/10 7:23:35 am CET","Amna Bano Rafique","ab2825@ic.ac.uk","ab2825","07516190655","Sister","Medicine","2","Fitness;Reading;Volunteering;Languages","Healthcare","1","No","",""
"2026/09/12 9:39:30 am CET","Muhammad Anas Bachun","anasbachun01@outlook.com","mab425","07887011999","Brother","Civil Engineering","2","Sport;Fitness;Volunteering;Travel;Languages","Engineering;Finance","4+","No","",""
"2026/09/12 5:45:51 pm CET","Yasin Ahmed Kamal Khan","yasinakkhan04@gmail.com","yak23@ic.ac.uk","07879544293","Brother","Computing","4","Sport;Fitness;Coding;Gaming;Volunteering;Languages","Engineering;Technology;Education","4+","Yes","",""
"2026/09/12 6:20:03 pm CET","Dai Al-Mufti","almuftidai@gmail.com","dda23","07425639199","Brother","Materials Science","4","Fitness;Gaming;Art;Volunteering;Sustainability","Research","3","Yes","",""
"2026/09/13 12:30:02 am CET","Mohammad Uthman Arslan Zakiuddin ","uthmanzakiuddin15@gmail.com","Uz25","07599451480","Brother","Design Engineering","2","Sport;Fitness;Photography;Reading;Debating;Volunteering;Sustainability;Cooking;Travel;Languages;Entrepreneurship","Engineering;Design;Consulting","3","No","","Not a stemm mentor before but done some similar stuff"
"2026/09/16 7:31:41 pm CET","Samiya Ibrahim","samiya.ibr14@gmail.com","si1224","07925620033","Sister","Materials Science","3","Art;Reading;Volunteering;Sustainability;Cooking","Research","2","No","Home","so excited yayayayayay!!!"
"2026/09/20 2:56:08 pm CET","Ambreen Aktar","ambreenaktar@gmail.com","aa11026","07510523497","Sister","Biochemistry","1","Sport;Art;Cooking;Travel","Healthcare;Research;Technology;Finance","3","No","Home",""
"2026/09/20 3:00:01 pm CET","Hanaan Howell","Hanaanhowell123@outlook.com","hh3326","07707537603","Sister","Medical biosciences ","1","Reading;Volunteering","Healthcare","2","No","Home",""
"2026/09/21 5:09:12 am CET","Yamin Tasnimul Hasan","yt2125@ic.ac.uk","yt2125","07404797070","Brother","Computing","2","Coding","Technology","1","No","Home",""
"2026/09/21 10:08:37 am CET","Mahdi Begg","beggmahdi@gmail.com","mb1425","07427750464","Brother","Computing","2","Sport;Fitness;Coding;Gaming;Art","Technology","1","No","Home",""
"2026/09/21 12:22:23 pm CET","Yasmine El Bakkouri","ye124@ic.ac.uk","ye124","07856122616","Sister","Chemical Engineering","3","Sustainability","Engineering;Research;Technology;Consulting","4+","No","Home",""
"2026/09/21 3:58:55 pm CET","Muhammad Hussain","mmh524@ic.ac.uk","mmh524","07824858074","Brother","Mechanical Engineering","3","Sport;Gaming;Reading;Languages","Engineering","2","Yes","Home",""
"2026/09/21 11:19:12 pm CET","Yassine Serrhini","ys4223@ic.ac.uk","ys4223","07311123532","Brother","Electronic and Electrical Engineering","4","Sport;Coding;Volunteering;Cooking;Entrepreneurship","Engineering;Design;Entrepreneurship","3","Yes","Home",""
"2026/09/22 12:16:46 am CET","Ehan Sajjad","ehan.sajjad26@imperial.ac.uk","es1726","07944486237","Brother","Physics","1","Sport;Gaming;Music","Research;Finance","2","No","Home",""
"2026/09/22 9:55:14 am CET","Syed (areeb) Shoaib","areeb.shoaib.01@gmail.com","ams726","07999163778","Brother","Electronic and Electrical Engineering","Going into first year","Sport;Fitness;Cooking","Engineering","2","No","Home","Good to help with personal statement and entrance exams not so much intwrview prep. Can occasionally teach physics and maths. I can do 4+ but best to keep as low as possible for better quality "
"2026/09/22 2:39:13 pm CET","Ahmad Orfali","ao924@ic.ac.uk","ao924","07979949788","Brother","Mathematics","3","Sport;Fitness","Research","2","No","Home",""
"2026/09/22 3:30:28 pm CET","Nabeel Himaz","nh1324@ic.ac.uk","nh1324","07846836436","Brother","Electronic and Electrical Engineering","3","Sport;Art;Photography;Reading;Volunteering","Engineering;Technology","2","No","Home",""
"2026/09/22 6:47:01 pm CET","Qasim Salahuddin ","qms24@ic.ac.uk","qms24","07503826698","Brother","Mathematics","3","Sport;Fitness;Coding;Reading;Travel","Technology","4+","Yes","Home",""
"2026/09/23 10:26:17 pm CET","Muhammad Hashim ","M.hashim25@imperial.ac.uk","761","00447585835346","Brother","Mathematics;Electronic and Electrical Engineering;Design Engineering;Computing;Economics, Finance and Data Science","Post dox","Sport;Fitness;Coding;Gaming;Reading;Debating;Volunteering;Sustainability;Cooking;Travel;Languages;Entrepreneurship","Engineering;Research;Technology;Entrepreneurship","2","No","International",""
"2026/09/25 11:21:50 am CET","Aliyah Fadahunsi","aliyahfad@gmail.com","aof24","07511949804","Sister","Design Engineering","3","Gaming;Art;Cooking;Travel","Research;Design","2","No","Home",""
"2026/09/25 2:19:31 pm CET","Asiya Qureshi ","asiyaqureshi83@gmail.com","Asq23","07486066960","Sister","Mechanical Engineering","I'm doing a year in industry at the moment, but I have completed 3 years of my course so far ","Sport;Coding;Gaming;Art;Photography;Volunteering;Languages","Engineering","4+","Yes","Home",""
"2026/09/25 7:36:14 pm CET","Ayan Butt","ayan.butt25@imperial.ac.uk","aab525","07405652635","Brother","Economics, Finance and Data Science","2","Sport;Fitness;Coding;Gaming;Art;Photography;Music;Reading;Debating;Volunteering;Sustainability;Cooking;Travel;Languages;Entrepreneurship","Finance;Consulting","3","Yes","Home",""
"2026/09/25 9:01:04 pm CET","Hussbaan Pasha ","Hhp125@ic.ac.uk","Hhp125","07443845518","Brother","Economics, Finance and Data Science","2","Fitness;Coding;Art;Photography;Reading;Cooking;Entrepreneurship","Engineering;Finance;Entrepreneurship","1","No","Home",""